{
    "MAE": 1.812406744972172,
    "MSE": 96.41668797974049,
    "R2_Score": 0.997257270841086
}
