{
    "MAE": 1.34508465744941,
    "MSE": 19.576894707863474,
    "R2_Score": 0.9994344314303909
}